{"cameraMode":{"drawMode":0,"name":"Shaded","section":"Shading Mode"},"sceneLighting":true,"audioPlay":false,"sceneViewState":{"showFog":true,"showMaterialUpdate":false,"showSkybox":true,"showFlares":true,"showImageEffects":true,"showParticleSystems":true},"in2DMode":false,"pivot":{"x":-8.83139419555664,"y":-11.07822036743164,"z":5.66164493560791},"rotation":{"x":-0.2730015218257904,"y":0.4049035310745239,"z":-0.12805615365505219,"w":-0.8632106781005859},"size":19.357574462890626,"orthographic":false}