{"cameraMode":{"drawMode":0,"name":"Shaded","section":"Shading Mode"},"sceneLighting":false,"audioPlay":false,"sceneViewState":{"showFog":true,"showMaterialUpdate":false,"showSkybox":false,"showFlares":true,"showImageEffects":true,"showParticleSystems":true},"in2DMode":false,"pivot":{"x":3.0030517578125,"y":-4.244863033294678,"z":2.1666951179504396},"rotation":{"x":-0.43637222051620486,"y":-0.028862416744232179,"z":0.014008578844368458,"w":-0.8992007970809937},"size":4.38177490234375,"orthographic":false}